先锋剑,/i/000000/000158.png,1
暴乱剑,/i/000000/000156.png,1
盾牌猛击,/i/000000/000154.png,1
预警,/i/000000/000151.png,2
战逃反应,/i/000000/000166.png,2
战女神之怒,/i/000000/000155.png,1
厄运流转,/i/000000/000161.png,2
投盾,/i/000000/000164.png,1
保护,/i/002000/002501.png,2
钢铁信念,/i/002000/002505.png,2
深奥之灵,/i/002000/002503.png,2
神圣领域,/i/002000/002502.png,2
重劈,/i/000000/000260.png,1
凶残裂,/i/000000/000255.png,1
狂暴,/i/000000/000259.png,2
战栗,/i/000000/000263.png,2
超压斧,/i/000000/000254.png,1
暴风斩,/i/000000/000258.png,1
死斗,/i/000000/000266.png,2
复仇,/i/000000/000267.png,2
暴风碎,/i/000000/000264.png,1
飞斧,/i/000000/000261.png,1
守护,/i/002000/002551.png,2
原初之魂,/i/002000/002553.png,1
钢铁旋风,/i/002000/002552.png,1
战嚎,/i/002000/002555.png,2
连击,/i/000000/000208.png,1
正拳,/i/000000/000209.png,1
崩拳,/i/000000/000210.png,1
金刚体势,/i/000000/000206.png,2
双掌打,/i/000000/000213.png,1
破坏神冲,/i/000000/000215.png,1
红莲体势,/i/000000/000205.png,2
真言,/i/000000/000216.png,2
破碎拳,/i/000000/000204.png,1
震脚,/i/000000/000217.png,2
地烈劲,/i/002000/002529.png,1
罗刹冲,/i/002000/002526.png,2
疾风体势,/i/002000/002527.png,2
双龙脚,/i/002000/002528.png,1
精准刺,/i/000000/000310.png,1
贯通刺,/i/000000/000312.png,1
龙剑,/i/000000/000304.png,2
直刺,/i/000000/000314.png,1
猛枪,/i/000000/000309.png,2
死天枪,/i/000000/000306.png,1
开膛枪,/i/000000/000317.png,1
樱花怒放,/i/000000/000308.png,1
贯穿尖,/i/000000/000315.png,1
跳跃,/i/002000/002576.png,2
回避跳跃,/i/002000/002577.png,2
破碎冲,/i/002000/002580.png,2
龙炎冲,/i/002000/002578.png,2
强力射击,/i/000000/000358.png,1
直线射击,/i/000000/000359.png,1
毒咬箭,/i/000000/000363.png,1
猛者强击,/i/000000/000352.png,2
连珠箭,/i/000000/000360.png,1
纷乱箭,/i/000000/000353.png,2
失血箭,/i/000000/000361.png,2
后跃射击,/i/000000/000366.png,2
风蚀箭,/i/000000/000367.png,1
贤者的叙事谣,/i/002000/002602.png,2
军神的赞美歌,/i/002000/002603.png,2
死亡箭雨,/i/002000/002605.png,2
战斗之声,/i/002000/002601.png,2
飞石,/i/000000/000403.png,2
治疗,/i/000000/000405.png,2
疾风,/i/000000/000401.png,2
医治,/i/000000/000408.png,2
复活,/i/000000/000411.png,2
坚石,/i/000000/000404.png,2
愈疗,/i/000000/000407.png,2
烈风,/i/000000/000402.png,2
医济,/i/000000/000409.png,2
水流环,/i/000000/000416.png,2
救疗,/i/000000/000406.png,2
神速咏唱,/i/002000/002626.png,2
再生,/i/002000/002628.png,2
神圣,/i/002000/002629.png,2
天赐祝福,/i/002000/002627.png,2
火炎,/i/000000/000451.png,2
冰结,/i/000000/000454.png,2
闪雷,/i/000000/000457.png,2
催眠,/i/000000/000465.png,2
冰冻,/i/000000/000455.png,2
烈炎,/i/000000/000452.png,2
星灵移位,/i/000000/000466.png,2
爆炎,/i/000000/000453.png,2
暴雷,/i/000000/000459.png,2
冰封,/i/000000/000456.png,2
以太步,/i/000000/000467.png,2
崩溃,/i/000000/000462.png,2
魔罩,/i/000000/000463.png,2
魔泉,/i/002000/002651.png,2
玄冰,/i/002000/002653.png,2
核爆,/i/002000/002652.png,2
召唤,/i/000000/000516.png,2
以太超流,/i/000000/000510.png,2
瘴气,/i/000000/000505.png,2
召唤II,/i/000000/000517.png,2
复生,/i/000000/000511.png,2
灾祸,/i/000000/000507.png,2
召唤III,/i/002000/002680.png,2
溃烂爆发,/i/002000/002676.png,2
内力迸发,/i/002000/002677.png,2
鼓舞激励之策,/i/002000/002801.png,2
士气高扬之策,/i/002000/002802.png,2
野战治疗阵,/i/002000/002804.png,2
生命活性法,/i/002000/002805.png,2
医术,/i/000000/000518.png,2
双刃旋,/i/000000/000601.png,1
残影,/i/000000/000607.png,2
绝风,/i/000000/000602.png,1
隐遁,/i/000000/000609.png,2
断绝,/i/000000/000612.png,2
飞刀,/i/000000/000614.png,1
夺取,/i/000000/000613.png,2
血雨飞花,/i/000000/000615.png,1
旋风刃,/i/000000/000605.png,1
影牙,/i/000000/000606.png,1
攻其不备,/i/000000/000618.png,2
天之印,/i/002000/002901.png,2
忍术,/i/002000/002904.png,2
地之印,/i/002000/002902.png,2
缩地,/i/002000/002905.png,2
人之印,/i/002000/002903.png,2
生杀予夺,/i/002000/002906.png,2
车式浮空炮塔,/i/003000/003026.png,2
分裂弹,/i/003000/003001.png,1
独头弹,/i/003000/003002.png,1
散射,/i/003000/003014.png,1
热弹,/i/003000/003003.png,1
狙击弹,/i/003000/003004.png,1
虹吸弹,/i/003000/003005.png,2
整备,/i/003000/003022.png,2
野火,/i/003000/003018.png,2
弹射,/i/003000/003017.png,2
沥血剑,/i/002000/002506.png,1
王权剑,/i/002000/002507.png,1
圣光幕帘,/i/002000/002508.png,2
深仁厚泽,/i/002000/002509.png,2
盾阵,/i/002000/002510.png,2
斗魂旋风脚,/i/002000/002531.png,2
苍气炮,/i/002000/002533.png,2
斗气,/i/002000/002534.png,2
裂石飞环,/i/002000/002557.png,1
地毁人亡,/i/002000/002558.png,1
原初的直觉,/i/002000/002559.png,2
泰然自若,/i/002000/002560.png,2
苍天龙血,/i/002000/002581.png,2
龙牙龙爪,/i/002000/002582.png,1
武神枪,/i/002000/002583.png,2
龙尾大回旋,/i/002000/002584.png,1
战斗连祷,/i/002000/002585.png,2
九天连箭,/i/002000/002606.png,2
放浪神的小步舞曲,/i/002000/002607.png,2
伶牙俐齿,/i/002000/002608.png,1
光阴神的礼赞凯歌,/i/002000/002609.png,2
侧风诱导箭,/i/002000/002610.png,2
强甲破点突,/i/002000/002915.png,1
梦幻三段,/i/002000/002918.png,2
垒石,/i/002000/002631.png,2
庇护所,/i/002000/002632.png,2
神名,/i/002000/002633.png,2
法令,/i/002000/002634.png,2
黑魔纹,/i/002000/002656.png,2
激情咏唱,/i/002000/002657.png,2
天语,/i/002000/002658.png,2
冰澈,/i/002000/002659.png,2
炽炎,/i/002000/002660.png,2
痛苦核爆,/i/002000/002681.png,2
毁荡,/i/002000/002682.png,2
三重灾祸,/i/002000/002683.png,2
龙神附体,/i/002000/002684.png,2
死星核爆,/i/002000/002685.png,2
不屈不挠之策,/i/002000/002806.png,2
气炎法,/i/002000/002807.png,2
展开战术,/i/002000/002808.png,2
应急战术,/i/002000/002809.png,2
转化,/i/002000/002810.png,2
抽卡,/i/003000/003101.png,2
重抽,/i/003000/003105.png,2
吉星,/i/003000/003126.png,2
吉星相位,/i/003000/003127.png,2
凶星,/i/003000/003120.png,2
灾星,/i/003000/003122.png,2
烧灼,/i/003000/003124.png,2
阳星,/i/003000/003129.png,2
阳星相位,/i/003000/003130.png,2
生辰,/i/003000/003132.png,2
白昼学派,/i/003000/003133.png,2
黑夜学派,/i/003000/003134.png,2
光速,/i/003000/003135.png,2
炽灼,/i/003000/003125.png,2
福星,/i/003000/003128.png,2
星位合图,/i/003000/003139.png,2
命运之轮,/i/003000/003140.png,2
先天禀赋,/i/003000/003141.png,2
重力,/i/003000/003123.png,2
重斩,/i/003000/003051.png,1
释放,/i/003000/003063.png,2
吸收斩,/i/003000/003054.png,1
伤残,/i/003000/003062.png,2
嗜血,/i/003000/003071.png,2
深恶痛绝,/i/003000/003070.png,2
噬魂斩,/i/003000/003055.png,1
弃明投暗,/i/003000/003076.png,2
暗影墙,/i/003000/003075.png,2
行尸走肉,/i/003000/003077.png,2
腐秽大地,/i/003000/003066.png,2
跳斩,/i/003000/003061.png,2
吸血深渊,/i/003000/003064.png,2
精雕怒斩,/i/003000/003058.png,2
演武,/i/002000/002536.png,1
全蚀斩,/i/002000/002511.png,1
干预,/i/002000/002512.png,2
安魂祈祷,/i/002000/002513.png,2
圣灵,/i/002000/002514.png,2
武装戍卫,/i/002000/002515.png,2
猛攻,/i/002000/002561.png,2
动乱,/i/002000/002562.png,2
摆脱,/i/002000/002563.png,2
原初的解放,/i/002000/002564.png,2
血乱,/i/003000/003078.png,2
寂灭,/i/003000/003079.png,1
血溅,/i/003000/003080.png,1
至黑之夜,/i/003000/003081.png,2
金刚极意,/i/002000/002537.png,2
红莲极意,/i/002000/002541.png,2
义结金兰,/i/002000/002542.png,2
音速刺,/i/002000/002586.png,1
巨龙视线,/i/002000/002587.png,2
幻象冲,/i/002000/002588.png,2
通灵之术·大虾蟆,/i/002000/002920.png,2
六道轮回,/i/002000/002921.png,2
天地人,/i/002000/002922.png,2
完美音调,/i/002000/002611.png,2
行吟,/i/002000/002612.png,2
烈毒咬箭,/i/002000/002613.png,1
狂风蚀箭,/i/002000/002614.png,1
大地神的抒情恋歌,/i/002000/002615.png,2
辉煌箭,/i/002000/002616.png,1
热冲击,/i/003000/003030.png,1
热分裂弹,/i/003000/003031.png,1
热独头弹,/i/003000/003032.png,1
热狙击弹,/i/003000/003033.png,1
枪管加热,/i/003000/003034.png,2
超档车式炮塔,/i/003000/003035.png,2
火焰喷射器,/i/003000/003038.png,2
魔纹步,/i/002000/002661.png,2
霹雷,/i/002000/002662.png,2
三连咏唱,/i/002000/002663.png,2
秽浊,/i/002000/002664.png,2
灵护,/i/002000/002687.png,2
剧毒菌,/i/002000/002689.png,2
瘴暍,/i/002000/002690.png,2
龙神召唤,/i/002000/002691.png,2
龙神迸发,/i/002000/002693.png,2
无中生有,/i/002000/002636.png,2
崩石,/i/002000/002637.png,2
神祝祷,/i/002000/002638.png,2
全大赦,/i/002000/002639.png,2
深谋远虑之策,/i/002000/002813.png,2
魔炎法,/i/002000/002814.png,2
连环计,/i/002000/002815.png,2
以太契约,/i/002000/002816.png,2
地星,/i/003000/003143.png,2
祸星,/i/003000/003145.png,2
小奥秘卡,/i/003000/003106.png,2
震雷,/i/000000/000468.png,2
袖内抽卡,/i/003000/003107.png,2
刃风,/i/003000/003151.png,1
阵风,/i/003000/003152.png,1
士风,/i/003000/003156.png,1
雪风,/i/003000/003166.png,1
月光,/i/003000/003158.png,1
花车,/i/003000/003164.png,1
风雅,/i/003000/003157.png,1
满月,/i/003000/003163.png,1
樱花,/i/003000/003165.png,1
燕飞,/i/003000/003155.png,1
必杀剑·震天,/i/003000/003173.png,2
必杀剑·九天,/i/003000/003174.png,2
必杀剑·晓天,/i/003000/003169.png,2
必杀剑·夜天,/i/003000/003170.png,2
必杀剑·回天,/i/003000/003168.png,2
叶隐,/i/003000/003176.png,2
必杀剑·红莲,/i/003000/003177.png,2
默想,/i/003000/003172.png,2
心眼,/i/003000/003153.png,2
明镜止水,/i/003000/003167.png,2
必杀剑·星眼,/i/003000/003175.png,2
慈眼,/i/003000/003171.png,2
摇荡,/i/003000/003202.png,2
回刺,/i/003000/003201.png,1
赤闪雷,/i/003000/003203.png,2
短兵相接,/i/003000/003204.png,2
赤疾风,/i/003000/003205.png,2
散碎,/i/003000/003207.png,2
赤火炎,/i/003000/003208.png,2
赤飞石,/i/003000/003209.png,2
交击斩,/i/003000/003210.png,1
划圆斩,/i/003000/003215.png,1
赤治疗,/i/003000/003216.png,2
移转,/i/003000/003211.png,2
连攻,/i/003000/003213.png,1
飞刺,/i/003000/003212.png,2
促进,/i/003000/003214.png,2
六分反击,/i/003000/003217.png,2
鼓励,/i/003000/003218.png,2
倍增,/i/003000/003219.png,2
赤复活,/i/003000/003221.png,2
震荡,/i/003000/003220.png,2
铁壁,/i/000000/000801.png,2
挑衅,/i/000000/000803.png,2
雪仇,/i/000000/000806.png,2
退避,/i/000000/000810.png,2
插言,/i/000000/000808.png,2
下踢,/i/000000/000802.png,2
内丹,/i/000000/000821.png,2
浴血,/i/000000/000823.png,2
真北,/i/000000/000830.png,2
亲疏自行,/i/000000/000822.png,2
牵制,/i/000000/000828.png,2
伤头,/i/000000/000848.png,2
伤足,/i/000000/000842.png,2
伤腿,/i/000000/000843.png,2
速行,/i/000000/000844.png,2
沉稳咏唱,/i/000000/000869.png,2
昏乱,/i/000000/000861.png,2
即刻咏唱,/i/000000/000866.png,2
醒梦,/i/000000/000865.png,2
康复,/i/000000/000884.png,2
营救,/i/000000/000890.png,2
扫腿,/i/000000/000824.png,2
居合术,/i/003000/003159.png,1
奥秘卡废弃,/i/003000/003108.png,2
瀑泻,/i/003000/003451.png,1
喷泉,/i/003000/003452.png,1
逆瀑泻,/i/003000/003460.png,1
坠喷泉,/i/003000/003464.png,1
风车,/i/003000/003453.png,1
落刃雨,/i/003000/003461.png,1
升风车,/i/003000/003463.png,1
落血雨,/i/003000/003465.png,1
标准舞步,/i/003000/003454.png,2
技巧舞步,/i/003000/003473.png,2
剑舞,/i/003000/003476.png,1
闭式舞姿,/i/003000/003470.png,2
扇舞·序,/i/003000/003462.png,2
扇舞·破,/i/003000/003466.png,2
扇舞·急,/i/003000/003472.png,2
前冲步,/i/003000/003467.png,2
进攻之探戈,/i/003000/003471.png,2
防守之桑巴,/i/003000/003469.png,2
百花争艳,/i/003000/003475.png,2
即兴表演,/i/003000/003477.png,2
治疗之华尔兹,/i/003000/003468.png,2
利刃斩,/i/003000/003401.png,1
无情,/i/003000/003402.png,2
残暴弹,/i/003000/003403.png,1
伪装,/i/003000/003404.png,2
恶魔切,/i/003000/003405.png,1
王室亲卫,/i/003000/003406.png,2
闪雷弹,/i/003000/003407.png,1
危险领域,/i/003000/003408.png,2
迅连斩,/i/003000/003409.png,1
烈牙,/i/003000/003410.png,1
猛兽爪,/i/003000/003411.png,1
星云,/i/003000/003412.png,2
恶魔杀,/i/003000/003413.png,1
凶禽爪,/i/003000/003414.png,1
极光,/i/003000/003415.png,2
超火流星,/i/003000/003416.png,2
音速破,/i/003000/003417.png,1
粗分斩,/i/003000/003418.png,2
续剑,/i/003000/003419.png,2
弓形冲波,/i/003000/003423.png,2
光之心,/i/003000/003424.png,2
石之心,/i/003000/003425.png,2
爆发击,/i/003000/003426.png,1
命运之环,/i/003000/003427.png,1
血壤,/i/003000/003428.png,2
爆破领域,/i/003000/003429.png,2
日珥斩,/i/002000/002516.png,1
圣环,/i/002000/002517.png,2
悔罪,/i/002000/002518.png,2
赎罪剑,/i/002000/002519.png,1
调停,/i/002000/002520.png,2
秘银暴风,/i/002000/002565.png,1
原初的勇猛,/i/002000/002567.png,2
暗黑波动,/i/003000/003082.png,2
暗黑锋,/i/003000/003083.png,2
刚魂,/i/003000/003084.png,2
暗影波动,/i/003000/003085.png,2
暗影锋,/i/003000/003086.png,2
暗黑布道,/i/003000/003087.png,2
掠影示现,/i/003000/003088.png,2
四面脚,/i/002000/002544.png,1
万象斗气圈,/i/002000/002545.png,2
无我,/i/002000/002546.png,2
六合星导脚,/i/002000/002547.png,1
山境酷刑,/i/002000/002590.png,1
高跳,/i/002000/002591.png,2
坠星冲,/i/002000/002593.png,2
必杀剑·闪影,/i/003000/003178.png,2
意气冲天,/i/003000/003179.png,2
燕回返,/i/003000/003180.png,2
照破,/i/003000/003184.png,2
八卦无刃杀,/i/002000/002923.png,1
命水,/i/002000/002924.png,2
分身之术,/i/002000/002927.png,2
影噬箭,/i/002000/002617.png,2
爆发射击,/i/002000/002618.png,1
绝峰箭,/i/002000/002619.png,1
自动弩,/i/003000/003042.png,1
钻头,/i/003000/003043.png,1
毒菌冲击,/i/003000/003044.png,1
空气锚,/i/003000/003045.png,1
后式自走人偶,/i/003000/003501.png,2
超档后式人偶,/i/003000/003502.png,2
绝望,/i/002000/002665.png,2
灵极魂,/i/002000/002666.png,2
异言,/i/002000/002667.png,2
能量吸收,/i/000000/000514.png,2
灵攻I,/i/002000/002695.png,2
能量抽取,/i/002000/002697.png,2
迸裂,/i/002000/002698.png,2
灵攻II,/i/002000/002696.png,2
赤震雷,/i/003000/003229.png,2
赤烈风,/i/003000/003230.png,2
冲击,/i/003000/003222.png,2
交剑,/i/003000/003231.png,2
续斩,/i/003000/003233.png,1
安慰之心,/i/002000/002640.png,2
天辉,/i/002000/002641.png,2
闪耀,/i/002000/002642.png,2
狂喜之心,/i/002000/002643.png,2
苦难之心,/i/002000/002644.png,2
节制,/i/002000/002645.png,2
仙光的低语,/i/002000/002852.png,2
异想的幻光,/i/002000/002853.png,2
破阵法,/i/002000/002819.png,2
蛊毒法,/i/002000/002820.png,2
死炎法,/i/002000/002821.png,2
秘策,/i/002000/002822.png,2
异想的祥光,/i/002000/002854.png,2
炽天召唤,/i/002000/002850.png,2
慰藉,/i/002000/002851.png,2
占卜,/i/003000/003553.png,2
天星冲日,/i/003000/003142.png,2
焚灼,/i/003000/003554.png,2
煞星,/i/003000/003555.png,2
天星交错,/i/003000/003556.png,2
天宫图,/i/003000/003550.png,2
中间学派,/i/003000/003552.png,2
沉静,/i/000000/000891.png,2
策动,/i/003000/003040.png,2
出卡,/i/003000/003102.png,2
超荷,/i/003000/003041.png,2
朝日召唤,/i/002000/002823.png,2
夕月召唤,/i/002000/002824.png,2
毒菌,/i/000000/000503.png,2
猛毒菌,/i/000000/000504.png,2
毁灭,/i/000000/000501.png,2
毁坏,/i/000000/000502.png,2
铜墙铁盾,/i/000000/000103.png,2
坚守要塞,/i/000000/000103.png,2
终极堡垒,/i/000000/000103.png,2
勇猛烈斩,/i/000000/000103.png,2
刀光剑舞,/i/000000/000103.png,2
最终天堂,/i/000000/000103.png,2
苍穹破碎,/i/000000/000103.png,2
星体风暴,/i/000000/000103.png,2
陨石流星,/i/000000/000103.png,2
治愈微风,/i/000000/000103.png,2
大地气息,/i/000000/000103.png,2
生命鼓动,/i/000000/000103.png,2
火遁之术,/i/002000/002908.png,2
雷遁之术,/i/002000/002912.png,2
冰遁之术,/i/002000/002909.png,2
风遁之术,/i/002000/002910.png,2
土遁之术,/i/002000/002911.png,2
水遁之术,/i/002000/002913.png,2
通灵之术,/i/002000/002914.png,2
冲天怒射,/i/000000/000103.png,2
亡命暴徒,/i/000000/000103.png,2
原初大地,/i/000000/000103.png,2
暗黑之力,/i/000000/000103.png,2
苍穹龙炎,/i/000000/000103.png,2
月遁血祭,/i/000000/000103.png,2
射手天箭,/i/000000/000103.png,2
卫星光束,/i/000000/000103.png,2
万亿核爆,/i/000000/000103.png,2
天使之羽,/i/000000/000103.png,2
星天开门,/i/000000/000103.png,2
太阳神之衡,/i/003000/003110.png,2
放浪神之箭,/i/003000/003112.png,2
战争神之枪,/i/003000/003113.png,2
世界树之干,/i/003000/003111.png,2
河流神之瓶,/i/003000/003114.png,2
建筑神之塔,/i/003000/003115.png,2
王冠之领主,/i/003000/003147.png,2
王冠之贵妇,/i/003000/003146.png,2
纷乱雪月花,/i/003000/003162.png,1
天下五剑,/i/003000/003161.png,1
彼岸花,/i/003000/003160.png,1
赤核爆,/i/003000/003223.png,2
赤神圣,/i/003000/003224.png,2
魔回刺,/i/003000/003225.png,1
魔交击斩,/i/003000/003226.png,1
魔连攻,/i/003000/003227.png,1
魔划圆斩,/i/003000/003228.png,1
星体爆轰,/i/003000/003144.png,2
超档象式炮塔,/i/003000/003035.png,2
蔷薇曲脚步,/i/003000/003455.png,2
小鸟交叠跳,/i/003000/003456.png,2
绿叶小踢腿,/i/003000/003457.png,2
金冠趾尖转,/i/003000/003458.png,2
标准舞步结束,/i/003000/003459.png,2
技巧舞步结束,/i/003000/003474.png,2
撕喉,/i/003000/003420.png,2
裂膛,/i/003000/003421.png,2
穿目,/i/003000/003422.png,2
单色标准舞步结束,/i/003000/003459.png,2
双色标准舞步结束,/i/003000/003459.png,2
单色技巧舞步结束,/i/003000/003474.png,2
双色技巧舞步结束,/i/003000/003474.png,2
三色技巧舞步结束,/i/003000/003474.png,2
四色技巧舞步结束,/i/003000/003474.png,2
回返彼岸花,/i/003000/003181.png,2
回返五剑,/i/003000/003182.png,2
回返雪月花,/i/003000/003183.png,2
劫火灭却之术,/i/002000/002925.png,2
冰晶乱流之术,/i/002000/002926.png,2
不死鸟附体,/i/002000/002734.png,2
灵泉之炎,/i/002000/002735.png,2
炼狱之炎,/i/002000/002736.png,2
不死鸟迸发,/i/002000/002737.png,2
魔续斩,/i/003000/003232.png,1
焦热,/i/003000/003234.png,2
解除闭式舞姿,/i/003000/003478.png,2
