<?xml version="1.0" encoding="utf-8"?>
<Exports>
  <Panels>
    <PanelSettings>
      <SortPriority>100</SortPriority>
      <IsChecked>false</IsChecked>
      <IsExpanded>true</IsExpanded>
      <Enabled>true</Enabled>
      <PanelName>+General</PanelName>
      <ID>86c158c2-7984-4f2f-8184-f0585e097f8b</ID>
      <Left>196</Left>
      <Top>795</Top>
      <Locked>true</Locked>
      <Margin>2</Margin>
      <Horizontal>true</Horizontal>
      <SortOrder>SortPriority</SortOrder>
      <EnabledAdvancedLayout>false</EnabledAdvancedLayout>
      <Width>640</Width>
      <Height>480</Height>
      <GridPadding>0 0 0 0</GridPadding>
      <GridVerticalAlignment>Stretch</GridVerticalAlignment>
      <GridHorizontalAlignment>Stretch</GridHorizontalAlignment>
      <IsStackLayout>false</IsStackLayout>
      <StackPanelOrientation>Vertical</StackPanelOrientation>
      <FixedPositionSpell>false</FixedPositionSpell>
      <BackgroundColor>
        <A>160</A>
        <R>0</R>
        <G>0</G>
        <B>0</B>
        <ScA>0.627451</ScA>
        <ScR>0</ScR>
        <ScG>0</ScG>
        <ScB>0</ScB>
      </BackgroundColor>
    </PanelSettings>
  </Panels>
  <Spells>
    <SpellTimer>
      <SortPriority>0</SortPriority>
      <IsChecked>false</IsChecked>
      <IsExpanded>false</IsExpanded>
      <Enabled>true</Enabled>
      <IsCircleStyle>false</IsCircleStyle>
      <TitleVerticalAlignmentInCircle>Center</TitleVerticalAlignmentInCircle>
      <Left>0</Left>
      <Top>0</Top>
      <ID>1</ID>
      <Guid>b1c6ca8b-d32a-4d00-b837-121a66cb1d34</Guid>
      <PanelID>86c158c2-7984-4f2f-8184-f0585e097f8b</PanelID>
      <Panel>+General</Panel>
      <SpellTitle>攻其不备</SpellTitle>
      <RegexEnabled>true</RegexEnabled>
      <Keyword>00:(10|08)2b.*(だまし討ち|攻其不备|Trick Attack)</Keyword>
      <RecastTime>60</RecastTime>
      <DelayToShow>0</DelayToShow>
      <RecastTimeExtending1>0</RecastTimeExtending1>
      <RecastTimeExtending2>0</RecastTimeExtending2>
      <RecastTimeExtending3>0</RecastTimeExtending3>
      <OverlapRecastTime>true</OverlapRecastTime>
      <IsNotResetBarOnExtended>false</IsNotResetBarOnExtended>
      <ProgressBarVisible>true</ProgressBarVisible>
      <Font FontFamily="Arial" Size="14" Stretch="Normal" Style="Normal" Weight="Normal" />
      <FontColor>#FF0000</FontColor>
      <FontOutlineColor>#FFFFFF</FontOutlineColor>
      <WarningTime>50</WarningTime>
      <ChangeFontColorsWhenWarning>true</ChangeFontColorsWhenWarning>
      <WarningFontColor>#FFFFFF</WarningFontColor>
      <WarningFontOutlineColor>#000000</WarningFontOutlineColor>
      <BarWidth>0</BarWidth>
      <BarHeight>0</BarHeight>
      <BarColor>#FFFFFF</BarColor>
      <BarOutlineColor>#191970</BarOutlineColor>
      <BarBlurRadius>0</BarBlurRadius>
      <BackgroundColor>#FFFFFF</BackgroundColor>
      <BackgroundAlpha>0</BackgroundAlpha>
      <DisplayNo>1</DisplayNo>
      <DontHide>true</DontHide>
      <IsHideInNotCombat>false</IsHideInNotCombat>
      <ExtendBeyondOriginalRecastTime>false</ExtendBeyondOriginalRecastTime>
      <HideSpellName>true</HideSpellName>
      <HideCounter>false</HideCounter>
      <IsCounterToCenter>false</IsCounterToCenter>
      <IsReverse>false</IsReverse>
      <MatchDateTime>0001-01-01T00:00:00</MatchDateTime>
      <UseHotbarRecastTime>false</UseHotbarRecastTime>
      <HotbarName />
      <ReduceIconBrightness>true</ReduceIconBrightness>
      <SpellIcon>背刺.png</SpellIcon>
      <SpellIconSize>34</SpellIconSize>
      <IsNotResetAtWipeout>false</IsNotResetAtWipeout>
      <TimeupHide>false</TimeupHide>
      <ToInstance>false</ToInstance>
      <UpperLimitOfExtension>0</UpperLimitOfExtension>
      <BlinkTime>0</BlinkTime>
      <BlinkIcon>false</BlinkIcon>
      <BlinkBar>false</BlinkBar>
      <JobFilter />
      <PartyJobFilter>30</PartyJobFilter>
      <PartyCompositionFilter />
      <ZoneFilter />
      <TimersMustRunningForStart />
      <TimersMustStoppingForStart />
      <ExpressionFilter>
        <expression />
        <expression />
        <expression />
        <expression />
      </ExpressionFilter>
      <IsSequentialTTS>false</IsSequentialTTS>
      <MatchTextToSpeak>背刺</MatchTextToSpeak>
      <MatchAdvancedConfig>
        <IsEnabled>false</IsEnabled>
        <ToMainDevice>true</ToMainDevice>
        <ToSubDevice>false</ToSubDevice>
        <ToDicordTextChat>false</ToDicordTextChat>
        <Palette>Default</Palette>
      </MatchAdvancedConfig>
      <OverTime>0</OverTime>
      <OverTextToSpeak />
      <OverAdvancedConfig>
        <IsEnabled>false</IsEnabled>
        <ToMainDevice>true</ToMainDevice>
        <ToSubDevice>false</ToSubDevice>
        <ToDicordTextChat>false</ToDicordTextChat>
        <Palette>Default</Palette>
      </OverAdvancedConfig>
      <BeforeTime>0</BeforeTime>
      <BeforeTextToSpeak />
      <BeforeAdvancedConfig>
        <IsEnabled>false</IsEnabled>
        <ToMainDevice>true</ToMainDevice>
        <ToSubDevice>false</ToSubDevice>
        <ToDicordTextChat>false</ToDicordTextChat>
        <Palette>Default</Palette>
      </BeforeAdvancedConfig>
      <TimeupTextToSpeak />
      <TimeupAdvancedConfig>
        <IsEnabled>false</IsEnabled>
        <ToMainDevice>true</ToMainDevice>
        <ToSubDevice>false</ToSubDevice>
        <ToDicordTextChat>false</ToDicordTextChat>
        <Palette>Default</Palette>
      </TimeupAdvancedConfig>
      <MatchSound />
      <OverSound />
      <BeforeSound />
      <TimeupSound />
    </SpellTimer>
    <SpellTimer>
      <SortPriority>0</SortPriority>
      <IsChecked>false</IsChecked>
      <IsExpanded>false</IsExpanded>
      <Enabled>true</Enabled>
      <IsCircleStyle>false</IsCircleStyle>
      <TitleVerticalAlignmentInCircle>Center</TitleVerticalAlignmentInCircle>
      <Left>0</Left>
      <Top>0</Top>
      <ID>2</ID>
      <Guid>3d5a2db3-35c8-41df-a3ce-2c0854803c20</Guid>
      <PanelID>86c158c2-7984-4f2f-8184-f0585e097f8b</PanelID>
      <Panel>+General</Panel>
      <SpellTitle>鼓励</SpellTitle>
      <RegexEnabled>true</RegexEnabled>
      <Keyword>00:(10|08)2b.*(エンボルデン|鼓励|Embolden)</Keyword>
      <RecastTime>120</RecastTime>
      <DelayToShow>0</DelayToShow>
      <RecastTimeExtending1>0</RecastTimeExtending1>
      <RecastTimeExtending2>0</RecastTimeExtending2>
      <RecastTimeExtending3>0</RecastTimeExtending3>
      <OverlapRecastTime>true</OverlapRecastTime>
      <IsNotResetBarOnExtended>false</IsNotResetBarOnExtended>
      <ProgressBarVisible>true</ProgressBarVisible>
      <Font FontFamily="Arial" Size="14" Stretch="Normal" Style="Normal" Weight="Normal" />
      <FontColor>#FF0000</FontColor>
      <FontOutlineColor>#FFFFFF</FontOutlineColor>
      <WarningTime>100</WarningTime>
      <ChangeFontColorsWhenWarning>true</ChangeFontColorsWhenWarning>
      <WarningFontColor>#FFFFFF</WarningFontColor>
      <WarningFontOutlineColor>#000000</WarningFontOutlineColor>
      <BarWidth>0</BarWidth>
      <BarHeight>0</BarHeight>
      <BarColor>#FFFFFF</BarColor>
      <BarOutlineColor>#191970</BarOutlineColor>
      <BarBlurRadius>0</BarBlurRadius>
      <BackgroundColor>#FFFFFF</BackgroundColor>
      <BackgroundAlpha>0</BackgroundAlpha>
      <DisplayNo>2</DisplayNo>
      <DontHide>true</DontHide>
      <IsHideInNotCombat>false</IsHideInNotCombat>
      <ExtendBeyondOriginalRecastTime>false</ExtendBeyondOriginalRecastTime>
      <HideSpellName>true</HideSpellName>
      <HideCounter>false</HideCounter>
      <IsCounterToCenter>false</IsCounterToCenter>
      <IsReverse>false</IsReverse>
      <MatchDateTime>0001-01-01T00:00:00</MatchDateTime>
      <UseHotbarRecastTime>false</UseHotbarRecastTime>
      <HotbarName />
      <ReduceIconBrightness>true</ReduceIconBrightness>
      <SpellIcon>鼓励.png</SpellIcon>
      <SpellIconSize>34</SpellIconSize>
      <IsNotResetAtWipeout>false</IsNotResetAtWipeout>
      <TimeupHide>false</TimeupHide>
      <ToInstance>false</ToInstance>
      <UpperLimitOfExtension>0</UpperLimitOfExtension>
      <BlinkTime>0</BlinkTime>
      <BlinkIcon>false</BlinkIcon>
      <BlinkBar>false</BlinkBar>
      <JobFilter />
      <PartyJobFilter>35</PartyJobFilter>
      <PartyCompositionFilter />
      <ZoneFilter />
      <TimersMustRunningForStart />
      <TimersMustStoppingForStart />
      <ExpressionFilter>
        <expression />
        <expression />
        <expression />
        <expression />
      </ExpressionFilter>
      <IsSequentialTTS>false</IsSequentialTTS>
      <MatchTextToSpeak>鼓励</MatchTextToSpeak>
      <MatchAdvancedConfig>
        <IsEnabled>false</IsEnabled>
        <ToMainDevice>true</ToMainDevice>
        <ToSubDevice>false</ToSubDevice>
        <ToDicordTextChat>false</ToDicordTextChat>
        <Palette>Default</Palette>
      </MatchAdvancedConfig>
      <OverTime>0</OverTime>
      <OverTextToSpeak />
      <OverAdvancedConfig>
        <IsEnabled>false</IsEnabled>
        <ToMainDevice>true</ToMainDevice>
        <ToSubDevice>false</ToSubDevice>
        <ToDicordTextChat>false</ToDicordTextChat>
        <Palette>Default</Palette>
      </OverAdvancedConfig>
      <BeforeTime>0</BeforeTime>
      <BeforeTextToSpeak />
      <BeforeAdvancedConfig>
        <IsEnabled>false</IsEnabled>
        <ToMainDevice>true</ToMainDevice>
        <ToSubDevice>false</ToSubDevice>
        <ToDicordTextChat>false</ToDicordTextChat>
        <Palette>Default</Palette>
      </BeforeAdvancedConfig>
      <TimeupTextToSpeak />
      <TimeupAdvancedConfig>
        <IsEnabled>false</IsEnabled>
        <ToMainDevice>true</ToMainDevice>
        <ToSubDevice>false</ToSubDevice>
        <ToDicordTextChat>false</ToDicordTextChat>
        <Palette>Default</Palette>
      </TimeupAdvancedConfig>
      <MatchSound />
      <OverSound />
      <BeforeSound />
      <TimeupSound />
    </SpellTimer>
    <SpellTimer>
      <SortPriority>0</SortPriority>
      <IsChecked>false</IsChecked>
      <IsExpanded>false</IsExpanded>
      <Enabled>true</Enabled>
      <IsCircleStyle>false</IsCircleStyle>
      <TitleVerticalAlignmentInCircle>Center</TitleVerticalAlignmentInCircle>
      <Left>0</Left>
      <Top>0</Top>
      <ID>3</ID>
      <Guid>bd021121-6b66-477a-a1f8-ca792c6952af</Guid>
      <PanelID>86c158c2-7984-4f2f-8184-f0585e097f8b</PanelID>
      <Panel>+General</Panel>
      <SpellTitle>连环计</SpellTitle>
      <RegexEnabled>true</RegexEnabled>
      <Keyword>00:(10|08)2b.*(連環計|连环计|Chain Stratagem)</Keyword>
      <RecastTime>120</RecastTime>
      <DelayToShow>0</DelayToShow>
      <RecastTimeExtending1>0</RecastTimeExtending1>
      <RecastTimeExtending2>0</RecastTimeExtending2>
      <RecastTimeExtending3>0</RecastTimeExtending3>
      <OverlapRecastTime>true</OverlapRecastTime>
      <IsNotResetBarOnExtended>false</IsNotResetBarOnExtended>
      <ProgressBarVisible>true</ProgressBarVisible>
      <Font FontFamily="Arial" Size="14" Stretch="Normal" Style="Normal" Weight="Normal" />
      <FontColor>#FF0000</FontColor>
      <FontOutlineColor>#FFFFFF</FontOutlineColor>
      <WarningTime>105</WarningTime>
      <ChangeFontColorsWhenWarning>true</ChangeFontColorsWhenWarning>
      <WarningFontColor>#FFFFFF</WarningFontColor>
      <WarningFontOutlineColor>#000000</WarningFontOutlineColor>
      <BarWidth>0</BarWidth>
      <BarHeight>0</BarHeight>
      <BarColor>#FFFFFF</BarColor>
      <BarOutlineColor>#191970</BarOutlineColor>
      <BarBlurRadius>0</BarBlurRadius>
      <BackgroundColor>#FFFFFF</BackgroundColor>
      <BackgroundAlpha>0</BackgroundAlpha>
      <DisplayNo>3</DisplayNo>
      <DontHide>true</DontHide>
      <IsHideInNotCombat>false</IsHideInNotCombat>
      <ExtendBeyondOriginalRecastTime>false</ExtendBeyondOriginalRecastTime>
      <HideSpellName>true</HideSpellName>
      <HideCounter>false</HideCounter>
      <IsCounterToCenter>false</IsCounterToCenter>
      <IsReverse>false</IsReverse>
      <MatchDateTime>0001-01-01T00:00:00</MatchDateTime>
      <UseHotbarRecastTime>false</UseHotbarRecastTime>
      <HotbarName />
      <ReduceIconBrightness>true</ReduceIconBrightness>
      <SpellIcon>连环计.png</SpellIcon>
      <SpellIconSize>34</SpellIconSize>
      <IsNotResetAtWipeout>false</IsNotResetAtWipeout>
      <TimeupHide>false</TimeupHide>
      <ToInstance>false</ToInstance>
      <UpperLimitOfExtension>0</UpperLimitOfExtension>
      <BlinkTime>0</BlinkTime>
      <BlinkIcon>false</BlinkIcon>
      <BlinkBar>false</BlinkBar>
      <JobFilter />
      <PartyJobFilter>28</PartyJobFilter>
      <PartyCompositionFilter />
      <ZoneFilter />
      <TimersMustRunningForStart />
      <TimersMustStoppingForStart />
      <ExpressionFilter>
        <expression />
        <expression />
        <expression />
        <expression />
      </ExpressionFilter>
      <IsSequentialTTS>false</IsSequentialTTS>
      <MatchTextToSpeak>连环计</MatchTextToSpeak>
      <MatchAdvancedConfig>
        <IsEnabled>false</IsEnabled>
        <ToMainDevice>true</ToMainDevice>
        <ToSubDevice>false</ToSubDevice>
        <ToDicordTextChat>false</ToDicordTextChat>
        <Palette>Default</Palette>
      </MatchAdvancedConfig>
      <OverTime>0</OverTime>
      <OverTextToSpeak />
      <OverAdvancedConfig>
        <IsEnabled>false</IsEnabled>
        <ToMainDevice>true</ToMainDevice>
        <ToSubDevice>false</ToSubDevice>
        <ToDicordTextChat>false</ToDicordTextChat>
        <Palette>Default</Palette>
      </OverAdvancedConfig>
      <BeforeTime>0</BeforeTime>
      <BeforeTextToSpeak />
      <BeforeAdvancedConfig>
        <IsEnabled>false</IsEnabled>
        <ToMainDevice>true</ToMainDevice>
        <ToSubDevice>false</ToSubDevice>
        <ToDicordTextChat>false</ToDicordTextChat>
        <Palette>Default</Palette>
      </BeforeAdvancedConfig>
      <TimeupTextToSpeak />
      <TimeupAdvancedConfig>
        <IsEnabled>false</IsEnabled>
        <ToMainDevice>true</ToMainDevice>
        <ToSubDevice>false</ToSubDevice>
        <ToDicordTextChat>false</ToDicordTextChat>
        <Palette>Default</Palette>
      </TimeupAdvancedConfig>
      <MatchSound />
      <OverSound />
      <BeforeSound />
      <TimeupSound />
    </SpellTimer>
    <SpellTimer>
      <SortPriority>0</SortPriority>
      <IsChecked>false</IsChecked>
      <IsExpanded>false</IsExpanded>
      <Enabled>true</Enabled>
      <IsCircleStyle>false</IsCircleStyle>
      <TitleVerticalAlignmentInCircle>Center</TitleVerticalAlignmentInCircle>
      <Left>0</Left>
      <Top>0</Top>
      <ID>4</ID>
      <Guid>bab55fd2-25b1-4200-b061-bac6d9c22124</Guid>
      <PanelID>86c158c2-7984-4f2f-8184-f0585e097f8b</PanelID>
      <Panel>+General</Panel>
      <SpellTitle>灵护</SpellTitle>
      <RegexEnabled>true</RegexEnabled>
      <Keyword>00:4[08]2b:.+(エギの加護|灵护|Devotion)</Keyword>
      <RecastTime>180</RecastTime>
      <DelayToShow>0</DelayToShow>
      <RecastTimeExtending1>0</RecastTimeExtending1>
      <RecastTimeExtending2>0</RecastTimeExtending2>
      <RecastTimeExtending3>0</RecastTimeExtending3>
      <OverlapRecastTime>true</OverlapRecastTime>
      <IsNotResetBarOnExtended>false</IsNotResetBarOnExtended>
      <ProgressBarVisible>true</ProgressBarVisible>
      <Font FontFamily="Arial" Size="14" Stretch="Normal" Style="Normal" Weight="Normal" />
      <FontColor>#FF0000</FontColor>
      <FontOutlineColor>#FFFFFF</FontOutlineColor>
      <WarningTime>165</WarningTime>
      <ChangeFontColorsWhenWarning>true</ChangeFontColorsWhenWarning>
      <WarningFontColor>#FFFFFF</WarningFontColor>
      <WarningFontOutlineColor>#000000</WarningFontOutlineColor>
      <BarWidth>0</BarWidth>
      <BarHeight>0</BarHeight>
      <BarColor>#FFFFFF</BarColor>
      <BarOutlineColor>#191970</BarOutlineColor>
      <BarBlurRadius>0</BarBlurRadius>
      <BackgroundColor>#FFFFFF</BackgroundColor>
      <BackgroundAlpha>0</BackgroundAlpha>
      <DisplayNo>4</DisplayNo>
      <DontHide>true</DontHide>
      <IsHideInNotCombat>false</IsHideInNotCombat>
      <ExtendBeyondOriginalRecastTime>false</ExtendBeyondOriginalRecastTime>
      <HideSpellName>true</HideSpellName>
      <HideCounter>false</HideCounter>
      <IsCounterToCenter>false</IsCounterToCenter>
      <IsReverse>false</IsReverse>
      <MatchDateTime>0001-01-01T00:00:00</MatchDateTime>
      <UseHotbarRecastTime>false</UseHotbarRecastTime>
      <HotbarName />
      <ReduceIconBrightness>true</ReduceIconBrightness>
      <SpellIcon>灵护.png</SpellIcon>
      <SpellIconSize>34</SpellIconSize>
      <IsNotResetAtWipeout>false</IsNotResetAtWipeout>
      <TimeupHide>false</TimeupHide>
      <ToInstance>false</ToInstance>
      <UpperLimitOfExtension>0</UpperLimitOfExtension>
      <BlinkTime>0</BlinkTime>
      <BlinkIcon>false</BlinkIcon>
      <BlinkBar>false</BlinkBar>
      <JobFilter />
      <PartyJobFilter>27</PartyJobFilter>
      <PartyCompositionFilter />
      <ZoneFilter />
      <TimersMustRunningForStart />
      <TimersMustStoppingForStart />
      <ExpressionFilter>
        <expression />
        <expression />
        <expression />
        <expression />
      </ExpressionFilter>
      <IsSequentialTTS>false</IsSequentialTTS>
      <MatchTextToSpeak>灵护</MatchTextToSpeak>
      <MatchAdvancedConfig>
        <IsEnabled>false</IsEnabled>
        <ToMainDevice>true</ToMainDevice>
        <ToSubDevice>false</ToSubDevice>
        <ToDicordTextChat>false</ToDicordTextChat>
        <Palette>Default</Palette>
      </MatchAdvancedConfig>
      <OverTime>0</OverTime>
      <OverTextToSpeak />
      <OverAdvancedConfig>
        <IsEnabled>false</IsEnabled>
        <ToMainDevice>true</ToMainDevice>
        <ToSubDevice>false</ToSubDevice>
        <ToDicordTextChat>false</ToDicordTextChat>
        <Palette>Default</Palette>
      </OverAdvancedConfig>
      <BeforeTime>0</BeforeTime>
      <BeforeTextToSpeak />
      <BeforeAdvancedConfig>
        <IsEnabled>false</IsEnabled>
        <ToMainDevice>true</ToMainDevice>
        <ToSubDevice>false</ToSubDevice>
        <ToDicordTextChat>false</ToDicordTextChat>
        <Palette>Default</Palette>
      </BeforeAdvancedConfig>
      <TimeupTextToSpeak />
      <TimeupAdvancedConfig>
        <IsEnabled>false</IsEnabled>
        <ToMainDevice>true</ToMainDevice>
        <ToSubDevice>false</ToSubDevice>
        <ToDicordTextChat>false</ToDicordTextChat>
        <Palette>Default</Palette>
      </TimeupAdvancedConfig>
      <MatchSound />
      <OverSound />
      <BeforeSound />
      <TimeupSound />
    </SpellTimer>
    <SpellTimer>
      <SortPriority>0</SortPriority>
      <IsChecked>false</IsChecked>
      <IsExpanded>false</IsExpanded>
      <Enabled>true</Enabled>
      <IsCircleStyle>false</IsCircleStyle>
      <TitleVerticalAlignmentInCircle>Center</TitleVerticalAlignmentInCircle>
      <Left>0</Left>
      <Top>0</Top>
      <ID>5</ID>
      <Guid>b5d9d56b-f375-4013-8155-e0975b5894db</Guid>
      <PanelID>86c158c2-7984-4f2f-8184-f0585e097f8b</PanelID>
      <Panel>+General</Panel>
      <SpellTitle>义结金兰</SpellTitle>
      <RegexEnabled>true</RegexEnabled>
      <Keyword>00:(10|08)2b.*(桃園結義|义结金兰|Brotherhood)</Keyword>
      <RecastTime>90</RecastTime>
      <DelayToShow>0</DelayToShow>
      <RecastTimeExtending1>0</RecastTimeExtending1>
      <RecastTimeExtending2>0</RecastTimeExtending2>
      <RecastTimeExtending3>0</RecastTimeExtending3>
      <OverlapRecastTime>true</OverlapRecastTime>
      <IsNotResetBarOnExtended>false</IsNotResetBarOnExtended>
      <ProgressBarVisible>true</ProgressBarVisible>
      <Font FontFamily="Arial" Size="14" Stretch="Normal" Style="Normal" Weight="Normal" />
      <FontColor>#FF0000</FontColor>
      <FontOutlineColor>#FFFFFF</FontOutlineColor>
      <WarningTime>75</WarningTime>
      <ChangeFontColorsWhenWarning>true</ChangeFontColorsWhenWarning>
      <WarningFontColor>#FFFFFF</WarningFontColor>
      <WarningFontOutlineColor>#000000</WarningFontOutlineColor>
      <BarWidth>0</BarWidth>
      <BarHeight>0</BarHeight>
      <BarColor>#FFFFFF</BarColor>
      <BarOutlineColor>#191970</BarOutlineColor>
      <BarBlurRadius>0</BarBlurRadius>
      <BackgroundColor>#FFFFFF</BackgroundColor>
      <BackgroundAlpha>0</BackgroundAlpha>
      <DisplayNo>5</DisplayNo>
      <DontHide>true</DontHide>
      <IsHideInNotCombat>false</IsHideInNotCombat>
      <ExtendBeyondOriginalRecastTime>false</ExtendBeyondOriginalRecastTime>
      <HideSpellName>true</HideSpellName>
      <HideCounter>false</HideCounter>
      <IsCounterToCenter>false</IsCounterToCenter>
      <IsReverse>false</IsReverse>
      <MatchDateTime>0001-01-01T00:00:00</MatchDateTime>
      <UseHotbarRecastTime>false</UseHotbarRecastTime>
      <HotbarName>桃園結義</HotbarName>
      <ReduceIconBrightness>true</ReduceIconBrightness>
      <SpellIcon>义结金兰.png</SpellIcon>
      <SpellIconSize>34</SpellIconSize>
      <IsNotResetAtWipeout>false</IsNotResetAtWipeout>
      <TimeupHide>false</TimeupHide>
      <ToInstance>false</ToInstance>
      <UpperLimitOfExtension>0</UpperLimitOfExtension>
      <BlinkTime>0</BlinkTime>
      <BlinkIcon>false</BlinkIcon>
      <BlinkBar>false</BlinkBar>
      <JobFilter />
      <PartyJobFilter>20</PartyJobFilter>
      <PartyCompositionFilter />
      <ZoneFilter />
      <TimersMustRunningForStart />
      <TimersMustStoppingForStart />
      <ExpressionFilter>
        <expression />
        <expression />
        <expression />
        <expression />
      </ExpressionFilter>
      <IsSequentialTTS>false</IsSequentialTTS>
      <MatchTextToSpeak>义结金兰</MatchTextToSpeak>
      <MatchAdvancedConfig>
        <IsEnabled>false</IsEnabled>
        <ToMainDevice>true</ToMainDevice>
        <ToSubDevice>false</ToSubDevice>
        <ToDicordTextChat>false</ToDicordTextChat>
        <Palette>Default</Palette>
      </MatchAdvancedConfig>
      <OverTime>0</OverTime>
      <OverTextToSpeak />
      <OverAdvancedConfig>
        <IsEnabled>false</IsEnabled>
        <ToMainDevice>true</ToMainDevice>
        <ToSubDevice>false</ToSubDevice>
        <ToDicordTextChat>false</ToDicordTextChat>
        <Palette>Default</Palette>
      </OverAdvancedConfig>
      <BeforeTime>0</BeforeTime>
      <BeforeTextToSpeak />
      <BeforeAdvancedConfig>
        <IsEnabled>false</IsEnabled>
        <ToMainDevice>true</ToMainDevice>
        <ToSubDevice>false</ToSubDevice>
        <ToDicordTextChat>false</ToDicordTextChat>
        <Palette>Default</Palette>
      </BeforeAdvancedConfig>
      <TimeupTextToSpeak />
      <TimeupAdvancedConfig>
        <IsEnabled>false</IsEnabled>
        <ToMainDevice>true</ToMainDevice>
        <ToSubDevice>false</ToSubDevice>
        <ToDicordTextChat>false</ToDicordTextChat>
        <Palette>Default</Palette>
      </TimeupAdvancedConfig>
      <MatchSound />
      <OverSound />
      <BeforeSound />
      <TimeupSound />
    </SpellTimer>
    <SpellTimer>
      <SortPriority>0</SortPriority>
      <IsChecked>false</IsChecked>
      <IsExpanded>false</IsExpanded>
      <Enabled>true</Enabled>
      <IsCircleStyle>false</IsCircleStyle>
      <TitleVerticalAlignmentInCircle>Center</TitleVerticalAlignmentInCircle>
      <Left>0</Left>
      <Top>0</Top>
      <ID>6</ID>
      <Guid>e206f3bf-e204-43e8-b5ef-bee485093535</Guid>
      <PanelID>86c158c2-7984-4f2f-8184-f0585e097f8b</PanelID>
      <Panel>+General</Panel>
      <SpellTitle>战斗连祷</SpellTitle>
      <RegexEnabled>true</RegexEnabled>
      <Keyword>00:(10|08)2b.*(バトルリタニー|战斗连祷|Battle Litany)</Keyword>
      <RecastTime>180</RecastTime>
      <DelayToShow>0</DelayToShow>
      <RecastTimeExtending1>0</RecastTimeExtending1>
      <RecastTimeExtending2>0</RecastTimeExtending2>
      <RecastTimeExtending3>0</RecastTimeExtending3>
      <OverlapRecastTime>true</OverlapRecastTime>
      <IsNotResetBarOnExtended>false</IsNotResetBarOnExtended>
      <ProgressBarVisible>true</ProgressBarVisible>
      <Font FontFamily="Arial" Size="14" Stretch="Normal" Style="Normal" Weight="Normal" />
      <FontColor>#FF0000</FontColor>
      <FontOutlineColor>#FFFFFF</FontOutlineColor>
      <WarningTime>160</WarningTime>
      <ChangeFontColorsWhenWarning>true</ChangeFontColorsWhenWarning>
      <WarningFontColor>#FFFFFF</WarningFontColor>
      <WarningFontOutlineColor>#000000</WarningFontOutlineColor>
      <BarWidth>0</BarWidth>
      <BarHeight>0</BarHeight>
      <BarColor>#FFFFFF</BarColor>
      <BarOutlineColor>#191970</BarOutlineColor>
      <BarBlurRadius>0</BarBlurRadius>
      <BackgroundColor>#FFFFFF</BackgroundColor>
      <BackgroundAlpha>0</BackgroundAlpha>
      <DisplayNo>6</DisplayNo>
      <DontHide>true</DontHide>
      <IsHideInNotCombat>false</IsHideInNotCombat>
      <ExtendBeyondOriginalRecastTime>false</ExtendBeyondOriginalRecastTime>
      <HideSpellName>true</HideSpellName>
      <HideCounter>false</HideCounter>
      <IsCounterToCenter>false</IsCounterToCenter>
      <IsReverse>false</IsReverse>
      <MatchDateTime>0001-01-01T00:00:00</MatchDateTime>
      <UseHotbarRecastTime>false</UseHotbarRecastTime>
      <HotbarName />
      <ReduceIconBrightness>true</ReduceIconBrightness>
      <SpellIcon>战斗连祷.png</SpellIcon>
      <SpellIconSize>34</SpellIconSize>
      <IsNotResetAtWipeout>false</IsNotResetAtWipeout>
      <TimeupHide>false</TimeupHide>
      <ToInstance>false</ToInstance>
      <UpperLimitOfExtension>0</UpperLimitOfExtension>
      <BlinkTime>0</BlinkTime>
      <BlinkIcon>false</BlinkIcon>
      <BlinkBar>false</BlinkBar>
      <JobFilter />
      <PartyJobFilter>22</PartyJobFilter>
      <PartyCompositionFilter />
      <ZoneFilter />
      <TimersMustRunningForStart />
      <TimersMustStoppingForStart />
      <ExpressionFilter>
        <expression />
        <expression />
        <expression />
        <expression />
      </ExpressionFilter>
      <IsSequentialTTS>false</IsSequentialTTS>
      <MatchTextToSpeak>连祷</MatchTextToSpeak>
      <MatchAdvancedConfig>
        <IsEnabled>false</IsEnabled>
        <ToMainDevice>true</ToMainDevice>
        <ToSubDevice>false</ToSubDevice>
        <ToDicordTextChat>false</ToDicordTextChat>
        <Palette>Default</Palette>
      </MatchAdvancedConfig>
      <OverTime>0</OverTime>
      <OverTextToSpeak />
      <OverAdvancedConfig>
        <IsEnabled>false</IsEnabled>
        <ToMainDevice>true</ToMainDevice>
        <ToSubDevice>false</ToSubDevice>
        <ToDicordTextChat>false</ToDicordTextChat>
        <Palette>Default</Palette>
      </OverAdvancedConfig>
      <BeforeTime>0</BeforeTime>
      <BeforeTextToSpeak />
      <BeforeAdvancedConfig>
        <IsEnabled>false</IsEnabled>
        <ToMainDevice>true</ToMainDevice>
        <ToSubDevice>false</ToSubDevice>
        <ToDicordTextChat>false</ToDicordTextChat>
        <Palette>Default</Palette>
      </BeforeAdvancedConfig>
      <TimeupTextToSpeak />
      <TimeupAdvancedConfig>
        <IsEnabled>false</IsEnabled>
        <ToMainDevice>true</ToMainDevice>
        <ToSubDevice>false</ToSubDevice>
        <ToDicordTextChat>false</ToDicordTextChat>
        <Palette>Default</Palette>
      </TimeupAdvancedConfig>
      <MatchSound />
      <OverSound />
      <BeforeSound />
      <TimeupSound />
    </SpellTimer>
    <SpellTimer>
      <SortPriority>0</SortPriority>
      <IsChecked>false</IsChecked>
      <IsExpanded>false</IsExpanded>
      <Enabled>true</Enabled>
      <IsCircleStyle>false</IsCircleStyle>
      <TitleVerticalAlignmentInCircle>Center</TitleVerticalAlignmentInCircle>
      <Left>0</Left>
      <Top>0</Top>
      <ID>10</ID>
      <Guid>0d60977b-c7e5-42b8-b45f-56b52d5c2ad2</Guid>
      <PanelID>86c158c2-7984-4f2f-8184-f0585e097f8b</PanelID>
      <Panel>+General</Panel>
      <SpellTitle>巨龙视线</SpellTitle>
      <RegexEnabled>true</RegexEnabled>
      <Keyword>00:(10|08)2b.*(ドラゴンサイト|巨龙视线|Dragon Sight)</Keyword>
      <RecastTime>120</RecastTime>
      <DelayToShow>0</DelayToShow>
      <RecastTimeExtending1>0</RecastTimeExtending1>
      <RecastTimeExtending2>0</RecastTimeExtending2>
      <RecastTimeExtending3>0</RecastTimeExtending3>
      <OverlapRecastTime>true</OverlapRecastTime>
      <IsNotResetBarOnExtended>false</IsNotResetBarOnExtended>
      <ProgressBarVisible>true</ProgressBarVisible>
      <Font FontFamily="Arial" Size="14" Stretch="Normal" Style="Normal" Weight="Normal" />
      <FontColor>#FF0000</FontColor>
      <FontOutlineColor>#FFFFFF</FontOutlineColor>
      <WarningTime>100</WarningTime>
      <ChangeFontColorsWhenWarning>true</ChangeFontColorsWhenWarning>
      <WarningFontColor>#FFFFFF</WarningFontColor>
      <WarningFontOutlineColor>#000000</WarningFontOutlineColor>
      <BarWidth>0</BarWidth>
      <BarHeight>0</BarHeight>
      <BarColor>#FFFFFF</BarColor>
      <BarOutlineColor>#191970</BarOutlineColor>
      <BarBlurRadius>0</BarBlurRadius>
      <BackgroundColor>#FFFFFF</BackgroundColor>
      <BackgroundAlpha>0</BackgroundAlpha>
      <DisplayNo>7</DisplayNo>
      <DontHide>true</DontHide>
      <IsHideInNotCombat>false</IsHideInNotCombat>
      <ExtendBeyondOriginalRecastTime>false</ExtendBeyondOriginalRecastTime>
      <HideSpellName>true</HideSpellName>
      <HideCounter>false</HideCounter>
      <IsCounterToCenter>false</IsCounterToCenter>
      <IsReverse>false</IsReverse>
      <MatchDateTime>0001-01-01T00:00:00</MatchDateTime>
      <UseHotbarRecastTime>false</UseHotbarRecastTime>
      <HotbarName />
      <ReduceIconBrightness>true</ReduceIconBrightness>
      <SpellIcon>巨龙视线.png</SpellIcon>
      <SpellIconSize>34</SpellIconSize>
      <IsNotResetAtWipeout>false</IsNotResetAtWipeout>
      <TimeupHide>false</TimeupHide>
      <ToInstance>false</ToInstance>
      <UpperLimitOfExtension>0</UpperLimitOfExtension>
      <BlinkTime>0</BlinkTime>
      <BlinkIcon>false</BlinkIcon>
      <BlinkBar>false</BlinkBar>
      <JobFilter />
      <PartyJobFilter>22</PartyJobFilter>
      <PartyCompositionFilter />
      <ZoneFilter />
      <TimersMustRunningForStart />
      <TimersMustStoppingForStart />
      <ExpressionFilter>
        <expression />
        <expression />
        <expression />
        <expression />
      </ExpressionFilter>
      <IsSequentialTTS>false</IsSequentialTTS>
      <MatchTextToSpeak>龙肠</MatchTextToSpeak>
      <MatchAdvancedConfig>
        <IsEnabled>false</IsEnabled>
        <ToMainDevice>true</ToMainDevice>
        <ToSubDevice>false</ToSubDevice>
        <ToDicordTextChat>false</ToDicordTextChat>
        <Palette>Default</Palette>
      </MatchAdvancedConfig>
      <OverTime>0</OverTime>
      <OverTextToSpeak />
      <OverAdvancedConfig>
        <IsEnabled>false</IsEnabled>
        <ToMainDevice>true</ToMainDevice>
        <ToSubDevice>false</ToSubDevice>
        <ToDicordTextChat>false</ToDicordTextChat>
        <Palette>Default</Palette>
      </OverAdvancedConfig>
      <BeforeTime>0</BeforeTime>
      <BeforeTextToSpeak />
      <BeforeAdvancedConfig>
        <IsEnabled>false</IsEnabled>
        <ToMainDevice>true</ToMainDevice>
        <ToSubDevice>false</ToSubDevice>
        <ToDicordTextChat>false</ToDicordTextChat>
        <Palette>Default</Palette>
      </BeforeAdvancedConfig>
      <TimeupTextToSpeak />
      <TimeupAdvancedConfig>
        <IsEnabled>false</IsEnabled>
        <ToMainDevice>true</ToMainDevice>
        <ToSubDevice>false</ToSubDevice>
        <ToDicordTextChat>false</ToDicordTextChat>
        <Palette>Default</Palette>
      </TimeupAdvancedConfig>
      <MatchSound />
      <OverSound />
      <BeforeSound />
      <TimeupSound />
    </SpellTimer>
    <SpellTimer>
      <SortPriority>0</SortPriority>
      <IsChecked>false</IsChecked>
      <IsExpanded>false</IsExpanded>
      <Enabled>true</Enabled>
      <IsCircleStyle>false</IsCircleStyle>
      <TitleVerticalAlignmentInCircle>Center</TitleVerticalAlignmentInCircle>
      <Left>0</Left>
      <Top>0</Top>
      <ID>11</ID>
      <Guid>3523844f-859b-49c0-aae4-939015325db3</Guid>
      <PanelID>86c158c2-7984-4f2f-8184-f0585e097f8b</PanelID>
      <Panel>+General</Panel>
      <SpellTitle>战斗之声</SpellTitle>
      <RegexEnabled>true</RegexEnabled>
      <Keyword>00:(10|08)2b.*(バトルボイス|战斗之声|Battle Voice)</Keyword>
      <RecastTime>180</RecastTime>
      <DelayToShow>0</DelayToShow>
      <RecastTimeExtending1>0</RecastTimeExtending1>
      <RecastTimeExtending2>0</RecastTimeExtending2>
      <RecastTimeExtending3>0</RecastTimeExtending3>
      <OverlapRecastTime>true</OverlapRecastTime>
      <IsNotResetBarOnExtended>false</IsNotResetBarOnExtended>
      <ProgressBarVisible>true</ProgressBarVisible>
      <Font FontFamily="Arial" Size="14" Stretch="Normal" Style="Normal" Weight="Normal" />
      <FontColor>#FF0000</FontColor>
      <FontOutlineColor>#FFFFFF</FontOutlineColor>
      <WarningTime>160</WarningTime>
      <ChangeFontColorsWhenWarning>true</ChangeFontColorsWhenWarning>
      <WarningFontColor>#FFFFFF</WarningFontColor>
      <WarningFontOutlineColor>#000000</WarningFontOutlineColor>
      <BarWidth>0</BarWidth>
      <BarHeight>0</BarHeight>
      <BarColor>#FFFFFF</BarColor>
      <BarOutlineColor>#191970</BarOutlineColor>
      <BarBlurRadius>0</BarBlurRadius>
      <BackgroundColor>#FFFFFF</BackgroundColor>
      <BackgroundAlpha>0</BackgroundAlpha>
      <DisplayNo>8</DisplayNo>
      <DontHide>true</DontHide>
      <IsHideInNotCombat>false</IsHideInNotCombat>
      <ExtendBeyondOriginalRecastTime>false</ExtendBeyondOriginalRecastTime>
      <HideSpellName>true</HideSpellName>
      <HideCounter>false</HideCounter>
      <IsCounterToCenter>false</IsCounterToCenter>
      <IsReverse>false</IsReverse>
      <MatchDateTime>0001-01-01T00:00:00</MatchDateTime>
      <UseHotbarRecastTime>false</UseHotbarRecastTime>
      <HotbarName />
      <ReduceIconBrightness>true</ReduceIconBrightness>
      <SpellIcon>战斗之声.png</SpellIcon>
      <SpellIconSize>34</SpellIconSize>
      <IsNotResetAtWipeout>false</IsNotResetAtWipeout>
      <TimeupHide>false</TimeupHide>
      <ToInstance>false</ToInstance>
      <UpperLimitOfExtension>0</UpperLimitOfExtension>
      <BlinkTime>0</BlinkTime>
      <BlinkIcon>false</BlinkIcon>
      <BlinkBar>false</BlinkBar>
      <JobFilter />
      <PartyJobFilter>23</PartyJobFilter>
      <PartyCompositionFilter />
      <ZoneFilter />
      <TimersMustRunningForStart />
      <TimersMustStoppingForStart />
      <ExpressionFilter>
        <expression />
        <expression />
        <expression />
        <expression />
      </ExpressionFilter>
      <IsSequentialTTS>false</IsSequentialTTS>
      <MatchTextToSpeak>战歌</MatchTextToSpeak>
      <MatchAdvancedConfig>
        <IsEnabled>false</IsEnabled>
        <ToMainDevice>true</ToMainDevice>
        <ToSubDevice>false</ToSubDevice>
        <ToDicordTextChat>false</ToDicordTextChat>
        <Palette>Default</Palette>
      </MatchAdvancedConfig>
      <OverTime>0</OverTime>
      <OverTextToSpeak />
      <OverAdvancedConfig>
        <IsEnabled>false</IsEnabled>
        <ToMainDevice>true</ToMainDevice>
        <ToSubDevice>false</ToSubDevice>
        <ToDicordTextChat>false</ToDicordTextChat>
        <Palette>Default</Palette>
      </OverAdvancedConfig>
      <BeforeTime>0</BeforeTime>
      <BeforeTextToSpeak />
      <BeforeAdvancedConfig>
        <IsEnabled>false</IsEnabled>
        <ToMainDevice>true</ToMainDevice>
        <ToSubDevice>false</ToSubDevice>
        <ToDicordTextChat>false</ToDicordTextChat>
        <Palette>Default</Palette>
      </BeforeAdvancedConfig>
      <TimeupTextToSpeak />
      <TimeupAdvancedConfig>
        <IsEnabled>false</IsEnabled>
        <ToMainDevice>true</ToMainDevice>
        <ToSubDevice>false</ToSubDevice>
        <ToDicordTextChat>false</ToDicordTextChat>
        <Palette>Default</Palette>
      </TimeupAdvancedConfig>
      <MatchSound />
      <OverSound />
      <BeforeSound />
      <TimeupSound />
    </SpellTimer>
    <SpellTimer>
      <SortPriority>0</SortPriority>
      <IsChecked>false</IsChecked>
      <IsExpanded>false</IsExpanded>
      <Enabled>true</Enabled>
      <IsCircleStyle>false</IsCircleStyle>
      <TitleVerticalAlignmentInCircle>Center</TitleVerticalAlignmentInCircle>
      <Left>0</Left>
      <Top>0</Top>
      <ID>7</ID>
      <Guid>40767ead-375a-428d-aaa4-89a47cbb9fd3</Guid>
      <PanelID>86c158c2-7984-4f2f-8184-f0585e097f8b</PanelID>
      <Panel>+General</Panel>
      <SpellTitle>技巧闭幕</SpellTitle>
      <RegexEnabled>true</RegexEnabled>
      <Keyword>00:(10|08)2b.*(テクニカルフィニッシュ|技巧舞步结束|Technical Finish)</Keyword>
      <RecastTime>120</RecastTime>
      <DelayToShow>0</DelayToShow>
      <RecastTimeExtending1>0</RecastTimeExtending1>
      <RecastTimeExtending2>0</RecastTimeExtending2>
      <RecastTimeExtending3>0</RecastTimeExtending3>
      <OverlapRecastTime>true</OverlapRecastTime>
      <IsNotResetBarOnExtended>false</IsNotResetBarOnExtended>
      <ProgressBarVisible>true</ProgressBarVisible>
      <Font FontFamily="Arial" Size="14" Stretch="Normal" Style="Normal" Weight="Normal" />
      <FontColor>#FF0000</FontColor>
      <FontOutlineColor>#FFFFFF</FontOutlineColor>
      <WarningTime>100</WarningTime>
      <ChangeFontColorsWhenWarning>true</ChangeFontColorsWhenWarning>
      <WarningFontColor>#FFFFFF</WarningFontColor>
      <WarningFontOutlineColor>#000000</WarningFontOutlineColor>
      <BarWidth>0</BarWidth>
      <BarHeight>0</BarHeight>
      <BarColor>#FFFFFF</BarColor>
      <BarOutlineColor>#191970</BarOutlineColor>
      <BarBlurRadius>0</BarBlurRadius>
      <BackgroundColor>#FFFFFF</BackgroundColor>
      <BackgroundAlpha>0</BackgroundAlpha>
      <DisplayNo>9</DisplayNo>
      <DontHide>true</DontHide>
      <IsHideInNotCombat>false</IsHideInNotCombat>
      <ExtendBeyondOriginalRecastTime>false</ExtendBeyondOriginalRecastTime>
      <HideSpellName>true</HideSpellName>
      <HideCounter>false</HideCounter>
      <IsCounterToCenter>false</IsCounterToCenter>
      <IsReverse>false</IsReverse>
      <MatchDateTime>0001-01-01T00:00:00</MatchDateTime>
      <UseHotbarRecastTime>false</UseHotbarRecastTime>
      <HotbarName />
      <ReduceIconBrightness>true</ReduceIconBrightness>
      <SpellIcon>技巧舞步.png</SpellIcon>
      <SpellIconSize>34</SpellIconSize>
      <IsNotResetAtWipeout>false</IsNotResetAtWipeout>
      <TimeupHide>false</TimeupHide>
      <ToInstance>false</ToInstance>
      <UpperLimitOfExtension>0</UpperLimitOfExtension>
      <BlinkTime>0</BlinkTime>
      <BlinkIcon>false</BlinkIcon>
      <BlinkBar>false</BlinkBar>
      <JobFilter />
      <PartyJobFilter>38</PartyJobFilter>
      <PartyCompositionFilter />
      <ZoneFilter />
      <TimersMustRunningForStart />
      <TimersMustStoppingForStart />
      <ExpressionFilter>
        <expression />
        <expression />
        <expression />
        <expression />
      </ExpressionFilter>
      <IsSequentialTTS>false</IsSequentialTTS>
      <MatchTextToSpeak>技巧舞</MatchTextToSpeak>
      <MatchAdvancedConfig>
        <IsEnabled>false</IsEnabled>
        <ToMainDevice>true</ToMainDevice>
        <ToSubDevice>false</ToSubDevice>
        <ToDicordTextChat>false</ToDicordTextChat>
        <Palette>Default</Palette>
      </MatchAdvancedConfig>
      <OverTime>0</OverTime>
      <OverTextToSpeak />
      <OverAdvancedConfig>
        <IsEnabled>false</IsEnabled>
        <ToMainDevice>true</ToMainDevice>
        <ToSubDevice>false</ToSubDevice>
        <ToDicordTextChat>false</ToDicordTextChat>
        <Palette>Default</Palette>
      </OverAdvancedConfig>
      <BeforeTime>0</BeforeTime>
      <BeforeTextToSpeak />
      <BeforeAdvancedConfig>
        <IsEnabled>false</IsEnabled>
        <ToMainDevice>true</ToMainDevice>
        <ToSubDevice>false</ToSubDevice>
        <ToDicordTextChat>false</ToDicordTextChat>
        <Palette>Default</Palette>
      </BeforeAdvancedConfig>
      <TimeupTextToSpeak />
      <TimeupAdvancedConfig>
        <IsEnabled>false</IsEnabled>
        <ToMainDevice>true</ToMainDevice>
        <ToSubDevice>false</ToSubDevice>
        <ToDicordTextChat>false</ToDicordTextChat>
        <Palette>Default</Palette>
      </TimeupAdvancedConfig>
      <MatchSound />
      <OverSound />
      <BeforeSound />
      <TimeupSound />
    </SpellTimer>
    <SpellTimer>
      <SortPriority>0</SortPriority>
      <IsChecked>false</IsChecked>
      <IsExpanded>false</IsExpanded>
      <Enabled>true</Enabled>
      <IsCircleStyle>false</IsCircleStyle>
      <TitleVerticalAlignmentInCircle>Center</TitleVerticalAlignmentInCircle>
      <Left>0</Left>
      <Top>0</Top>
      <ID>8</ID>
      <Guid>ab1cd03a-bb0b-4a92-b8d3-b1ddb134e579</Guid>
      <PanelID>86c158c2-7984-4f2f-8184-f0585e097f8b</PanelID>
      <Panel>+General</Panel>
      <SpellTitle>进攻探戈</SpellTitle>
      <RegexEnabled>true</RegexEnabled>
      <Keyword>00:(10|08)2b.*(攻めのタンゴ|进攻之探戈|Devilment)</Keyword>
      <RecastTime>120</RecastTime>
      <DelayToShow>0</DelayToShow>
      <RecastTimeExtending1>0</RecastTimeExtending1>
      <RecastTimeExtending2>0</RecastTimeExtending2>
      <RecastTimeExtending3>0</RecastTimeExtending3>
      <OverlapRecastTime>true</OverlapRecastTime>
      <IsNotResetBarOnExtended>false</IsNotResetBarOnExtended>
      <ProgressBarVisible>true</ProgressBarVisible>
      <Font FontFamily="Arial" Size="14" Stretch="Normal" Style="Normal" Weight="Normal" />
      <FontColor>#FF0000</FontColor>
      <FontOutlineColor>#FFFFFF</FontOutlineColor>
      <WarningTime>100</WarningTime>
      <ChangeFontColorsWhenWarning>true</ChangeFontColorsWhenWarning>
      <WarningFontColor>#FFFFFF</WarningFontColor>
      <WarningFontOutlineColor>#000000</WarningFontOutlineColor>
      <BarWidth>0</BarWidth>
      <BarHeight>0</BarHeight>
      <BarColor>#FFFFFF</BarColor>
      <BarOutlineColor>#191970</BarOutlineColor>
      <BarBlurRadius>0</BarBlurRadius>
      <BackgroundColor>#FFFFFF</BackgroundColor>
      <BackgroundAlpha>0</BackgroundAlpha>
      <DisplayNo>10</DisplayNo>
      <DontHide>true</DontHide>
      <IsHideInNotCombat>false</IsHideInNotCombat>
      <ExtendBeyondOriginalRecastTime>false</ExtendBeyondOriginalRecastTime>
      <HideSpellName>true</HideSpellName>
      <HideCounter>false</HideCounter>
      <IsCounterToCenter>false</IsCounterToCenter>
      <IsReverse>false</IsReverse>
      <MatchDateTime>0001-01-01T00:00:00</MatchDateTime>
      <UseHotbarRecastTime>false</UseHotbarRecastTime>
      <HotbarName />
      <ReduceIconBrightness>true</ReduceIconBrightness>
      <SpellIcon>进攻探戈.png</SpellIcon>
      <SpellIconSize>34</SpellIconSize>
      <IsNotResetAtWipeout>false</IsNotResetAtWipeout>
      <TimeupHide>false</TimeupHide>
      <ToInstance>false</ToInstance>
      <UpperLimitOfExtension>0</UpperLimitOfExtension>
      <BlinkTime>0</BlinkTime>
      <BlinkIcon>false</BlinkIcon>
      <BlinkBar>false</BlinkBar>
      <JobFilter />
      <PartyJobFilter>38</PartyJobFilter>
      <PartyCompositionFilter />
      <ZoneFilter />
      <TimersMustRunningForStart />
      <TimersMustStoppingForStart />
      <ExpressionFilter>
        <expression />
        <expression />
        <expression />
        <expression />
      </ExpressionFilter>
      <IsSequentialTTS>false</IsSequentialTTS>
      <MatchTextToSpeak>探戈</MatchTextToSpeak>
      <MatchAdvancedConfig>
        <IsEnabled>false</IsEnabled>
        <ToMainDevice>true</ToMainDevice>
        <ToSubDevice>false</ToSubDevice>
        <ToDicordTextChat>false</ToDicordTextChat>
        <Palette>Default</Palette>
      </MatchAdvancedConfig>
      <OverTime>0</OverTime>
      <OverTextToSpeak />
      <OverAdvancedConfig>
        <IsEnabled>false</IsEnabled>
        <ToMainDevice>true</ToMainDevice>
        <ToSubDevice>false</ToSubDevice>
        <ToDicordTextChat>false</ToDicordTextChat>
        <Palette>Default</Palette>
      </OverAdvancedConfig>
      <BeforeTime>0</BeforeTime>
      <BeforeTextToSpeak />
      <BeforeAdvancedConfig>
        <IsEnabled>false</IsEnabled>
        <ToMainDevice>true</ToMainDevice>
        <ToSubDevice>false</ToSubDevice>
        <ToDicordTextChat>false</ToDicordTextChat>
        <Palette>Default</Palette>
      </BeforeAdvancedConfig>
      <TimeupTextToSpeak />
      <TimeupAdvancedConfig>
        <IsEnabled>false</IsEnabled>
        <ToMainDevice>true</ToMainDevice>
        <ToSubDevice>false</ToSubDevice>
        <ToDicordTextChat>false</ToDicordTextChat>
        <Palette>Default</Palette>
      </TimeupAdvancedConfig>
      <MatchSound />
      <OverSound />
      <BeforeSound />
      <TimeupSound />
    </SpellTimer>
    <SpellTimer>
      <SortPriority>0</SortPriority>
      <IsChecked>false</IsChecked>
      <IsExpanded>false</IsExpanded>
      <Enabled>true</Enabled>
      <IsCircleStyle>false</IsCircleStyle>
      <TitleVerticalAlignmentInCircle>Center</TitleVerticalAlignmentInCircle>
      <Left>0</Left>
      <Top>0</Top>
      <ID>9</ID>
      <Guid>3a4cbeea-3706-4384-96ef-c3fc46bc2cd8</Guid>
      <PanelID>86c158c2-7984-4f2f-8184-f0585e097f8b</PanelID>
      <Panel>+General</Panel>
      <SpellTitle>占卜</SpellTitle>
      <RegexEnabled>true</RegexEnabled>
      <Keyword>00:(10|08)2b.*(マイナーアルカナ|占卜|Minor Arcana)</Keyword>
      <RecastTime>120</RecastTime>
      <DelayToShow>0</DelayToShow>
      <RecastTimeExtending1>0</RecastTimeExtending1>
      <RecastTimeExtending2>0</RecastTimeExtending2>
      <RecastTimeExtending3>0</RecastTimeExtending3>
      <OverlapRecastTime>true</OverlapRecastTime>
      <IsNotResetBarOnExtended>false</IsNotResetBarOnExtended>
      <ProgressBarVisible>true</ProgressBarVisible>
      <Font FontFamily="Arial" Size="14" Stretch="Normal" Style="Normal" Weight="Normal" />
      <FontColor>#FF0000</FontColor>
      <FontOutlineColor>#FFFFFF</FontOutlineColor>
      <WarningTime>105</WarningTime>
      <ChangeFontColorsWhenWarning>true</ChangeFontColorsWhenWarning>
      <WarningFontColor>#FFFFFF</WarningFontColor>
      <WarningFontOutlineColor>#000000</WarningFontOutlineColor>
      <BarWidth>0</BarWidth>
      <BarHeight>0</BarHeight>
      <BarColor>#FFFFFF</BarColor>
      <BarOutlineColor>#191970</BarOutlineColor>
      <BarBlurRadius>0</BarBlurRadius>
      <BackgroundColor>#FFFFFF</BackgroundColor>
      <BackgroundAlpha>0</BackgroundAlpha>
      <DisplayNo>12</DisplayNo>
      <DontHide>true</DontHide>
      <IsHideInNotCombat>false</IsHideInNotCombat>
      <ExtendBeyondOriginalRecastTime>false</ExtendBeyondOriginalRecastTime>
      <HideSpellName>true</HideSpellName>
      <HideCounter>false</HideCounter>
      <IsCounterToCenter>false</IsCounterToCenter>
      <IsReverse>false</IsReverse>
      <MatchDateTime>2019-11-27T21:13:51.900174+08:00</MatchDateTime>
      <UseHotbarRecastTime>false</UseHotbarRecastTime>
      <HotbarName />
      <ReduceIconBrightness>true</ReduceIconBrightness>
      <SpellIcon>占卜.png</SpellIcon>
      <SpellIconSize>34</SpellIconSize>
      <IsNotResetAtWipeout>false</IsNotResetAtWipeout>
      <TimeupHide>false</TimeupHide>
      <ToInstance>false</ToInstance>
      <UpperLimitOfExtension>0</UpperLimitOfExtension>
      <BlinkTime>0</BlinkTime>
      <BlinkIcon>false</BlinkIcon>
      <BlinkBar>false</BlinkBar>
      <JobFilter />
      <PartyJobFilter>33</PartyJobFilter>
      <PartyCompositionFilter />
      <ZoneFilter />
      <TimersMustRunningForStart />
      <TimersMustStoppingForStart />
      <ExpressionFilter>
        <expression />
        <expression />
        <expression />
        <expression />
      </ExpressionFilter>
      <IsSequentialTTS>false</IsSequentialTTS>
      <MatchTextToSpeak>占卜</MatchTextToSpeak>
      <MatchAdvancedConfig>
        <IsEnabled>false</IsEnabled>
        <ToMainDevice>true</ToMainDevice>
        <ToSubDevice>false</ToSubDevice>
        <ToDicordTextChat>false</ToDicordTextChat>
        <Palette>Default</Palette>
      </MatchAdvancedConfig>
      <OverTime>0</OverTime>
      <OverTextToSpeak />
      <OverAdvancedConfig>
        <IsEnabled>false</IsEnabled>
        <ToMainDevice>true</ToMainDevice>
        <ToSubDevice>false</ToSubDevice>
        <ToDicordTextChat>false</ToDicordTextChat>
        <Palette>Default</Palette>
      </OverAdvancedConfig>
      <BeforeTime>0</BeforeTime>
      <BeforeTextToSpeak />
      <BeforeAdvancedConfig>
        <IsEnabled>false</IsEnabled>
        <ToMainDevice>true</ToMainDevice>
        <ToSubDevice>false</ToSubDevice>
        <ToDicordTextChat>false</ToDicordTextChat>
        <Palette>Default</Palette>
      </BeforeAdvancedConfig>
      <TimeupTextToSpeak />
      <TimeupAdvancedConfig>
        <IsEnabled>false</IsEnabled>
        <ToMainDevice>true</ToMainDevice>
        <ToSubDevice>false</ToSubDevice>
        <ToDicordTextChat>false</ToDicordTextChat>
        <Palette>Default</Palette>
      </TimeupAdvancedConfig>
      <MatchSound />
      <OverSound />
      <BeforeSound />
      <TimeupSound />
    </SpellTimer>
  </Spells>
  <Tickers />
</Exports>